batsman,total_runs,balls_faced,fours,sixes,strike_rate
V Kohli,9195,6789,832,312,135.43968183826777
RG Sharma,7283,5446,654,323,133.73117884686008
S Dhawan,6725,5266,763,152,127.7060387390809
DA Warner,6478,4611,654,234,140.49013229234438
KL Rahul,5657,4039,494,233,140.05942064867543
SK Raina,5512,4008,506,202,137.5249500998004
MS Dhoni,5439,3935,375,264,138.22109275730622
AM Rahane,5203,4135,527,137,125.82829504232164
SV Samson,5097,3601,423,237,141.54401555123576
AB de Villiers,5001,3288,395,245,152.0985401459854
RV Uthappa,4941,3775,479,182,130.88741721854305
CH Gayle,4875,3244,401,348,150.2774352651048
F du Plessis,4770,3498,440,174,136.36363636363637
KD Karthik,4734,3491,456,156,135.60584359782297
JC Buttler,4637,3085,457,211,150.30794165316044
Shubman Gill,4558,3181,441,152,143.28827412763283
SA Yadav,4527,3030,476,176,149.40594059405942
AT Rayudu,4348,3391,359,173,128.2217634915954
G Gambhir,4172,3350,488,59,124.53731343283582
SS Iyer,4102,2985,347,175,137.42043551088778
MK Pandey,3916,3219,339,114,121.65268716992856
SR Watson,3796,2738,366,188,138.64134404674945
RR Pant,3744,2515,337,179,148.86679920477138
RA Jadeja,3476,2638,262,121,131.76648976497347
Ishan Kishan,3446,2399,339,155,143.64318466027512
KA Pollard,3293,2246,212,213,146.61620658949244
Q de Kock,3236,2389,315,135,135.45416492256174
DA Miller,3234,2318,234,147,139.51682484900778
YK Pathan,3162,2208,256,157,143.20652173913044
N Rana,2978,2162,278,147,137.74283071230343
HH Pandya,2910,1978,227,153,147.11830131445905
WP Saha,2890,2273,287,87,127.1447426308843
BB McCullum,2871,2159,292,130,132.9782306623437
RD Gaikwad,2839,2083,260,107,136.29380700912145
GJ Maxwell,2810,1789,237,161,157.07098937954163
PA Patel,2711,2239,351,46,121.08083966056275
V Sehwag,2702,1714,330,106,157.64294049008168
Yuvraj Singh,2696,2078,213,146,129.74013474494706
MA Agarwal,2649,1973,265,96,134.26254434870756
M Vijay,2598,2126,247,89,122.20131702728128
AD Russell,2580,1468,181,217,175.7493188010899
YBK Jaiswal,2542,1655,308,106,153.59516616314198
B Sai Sudharsan,2515,1674,258,83,150.2389486260454
N Pooran,2474,1477,167,183,167.50169262017604
SPD Smith,2432,1890,220,59,128.67724867724868
JH Kallis,2414,2197,254,44,109.87710514337734
SE Marsh,2412,1822,261,75,132.3819978046103
DR Smith,2385,1755,245,117,135.89743589743588
Abhishek Sharma,2372,1374,224,144,172.63464337700145
SR Tendulkar,2334,1941,296,29,120.24729520865533
RA Tripathi,2268,1639,227,84,138.3770591824283
D Padikkal,2216,1660,236,78,133.49397590361446
MP Stoinis,2181,1484,173,114,146.96765498652292
R Dravid,2174,1878,269,28,115.76144834930777
S Dube,2102,1450,131,134,144.9655172413793
H Klaasen,2098,1247,146,120,168.24378508420207
AC Gilchrist,2069,1483,239,92,139.51449763991909
AJ Finch,2039,1585,207,77,128.6435331230284
AR Patel,2031,1520,140,98,133.6184210526316
KS Williamson,2030,1612,174,63,125.93052109181141
MEK Hussey,1977,1610,198,52,122.79503105590062
JP Duminy,1962,1588,122,76,123.55163727959697
KH Pandya,1910,1422,167,73,134.31786216596342
R Parag,1867,1284,134,108,145.404984423676
Tilak Varma,1858,1278,143,91,145.38341158059467
MR Marsh,1853,1242,155,111,149.194847020934
SP Narine,1811,1089,190,120,166.29935720844813
DPMD Jayawardene,1771,1424,198,39,124.36797752808988
PP Shaw,1735,1176,218,57,147.53401360544217
P Simran Singh,1732,1109,183,88,156.17673579801624
MK Tiwary,1695,1444,156,40,117.38227146814404
Mandeep Singh,1679,1365,172,38,123.00366300366301
VR Iyer,1677,1180,157,78,142.11864406779662
KK Nair,1676,1267,186,48,132.28097868981848
KC Sangakkara,1656,1352,192,27,122.48520710059172
AK Markram,1640,1200,129,67,136.66666666666666
RM Patidar,1612,978,106,110,164.82617586912065
JM Bairstow,1600,1096,163,70,145.98540145985402
DJ Bravo,1560,1196,120,66,130.43478260869566
TM Head,1556,907,172,78,171.55457552370453
NV Ojha,1546,1289,120,79,119.93793638479441
SO Hetmyer,1537,1016,96,96,151.2795275590551
SS Tiwary,1481,1226,111,49,120.79934747145188
DJ Hooda,1454,1141,96,59,127.43207712532866
S Badrinath,1439,1206,154,28,119.32006633499171
BJ Hodge,1395,1105,122,43,126.24434389140272
EJG Morgan,1371,1122,109,63,122.19251336898395
DJ Hussey,1322,1070,90,60,123.55140186915888
RK Singh,1311,896,107,62,146.31696428571428
CA Lynn,1309,923,129,66,141.8201516793066
SC Ganguly,1303,1228,133,40,106.10749185667753
R Tewatia,1302,938,110,62,138.80597014925374
PD Salt,1258,715,138,67,175.94405594405595
V Shankar,1206,913,88,48,132.09200438116102
KM Jadhav,1170,943,99,39,124.07211028632025
Dhruv Jurel,1169,758,98,60,154.221635883905
MM Ali,1167,831,95,67,140.4332129963899
TH David,1151,642,76,83,179.28348909657322
TM Dilshan,1148,992,140,24,115.7258064516129
JM Sharma,1107,723,86,68,153.11203319502076
A Badoni,1095,782,94,41,140.02557544757033
DP Conway,1080,770,117,34,140.25974025974025
LMP Simmons,1079,848,109,44,127.24056603773585
IK Pathan,1079,900,80,35,119.88888888888889
ML Hayden,1074,775,117,42,138.58064516129033
M Vohra,1073,817,103,43,131.33414932680537
LS Livingstone,1055,673,69,75,156.76077265973254
V Suryavanshi,1028,447,81,96,229.97762863534675
LRPL Taylor,1017,818,66,46,124.32762836185819
KP Pietersen,1001,742,91,40,134.9056603773585
SM Curran,997,725,85,41,137.51724137931035
C Green,991,654,83,46,151.5290519877676
Y Venugopal Rao,985,831,77,37,118.53188929001203
A Symonds,974,745,74,41,130.73825503355704
JA Morkel,962,670,60,55,143.5820895522388
MC Henriques,956,745,82,28,128.3221476510067
CL White,949,743,75,36,127.72543741588156
BA Stokes,935,695,81,32,134.53237410071944
Shashank Singh,905,560,67,51,161.60714285714286
T Stubbs,905,592,63,44,152.8716216216216
Washington Sundar,888,653,82,28,135.98774885145482
HH Gibbs,886,805,83,31,110.06211180124224
A Raghuvanshi,869,591,85,35,147.0389170896785
STR Binny,868,677,65,34,128.21270310192023
RD Rickelton,836,495,78,55,168.88888888888889
Abdul Samad,834,558,53,54,149.46236559139786
Harbhajan Singh,833,598,79,42,139.29765886287626
R Ashwin,827,692,64,29,119.50867052023122
MS Bisla,788,682,92,23,115.5425219941349
Nithish Kumar Reddy,787,540,50,46,145.74074074074073
N Wadhera,784,557,64,43,140.754039497307
M Shahrukh Khan,775,523,49,52,148.18355640535373
Priyansh Arya,770,400,74,53,192.5
ST Jayasuriya,768,529,84,39,145.17958412098298
Shakib Al Hasan,764,615,70,21,124.22764227642277
GC Smith,724,643,93,9,112.59720062208397
AD Mathews,723,570,44,29,126.84210526315789
Abishek Porel,712,481,74,27,148.02494802494803
Naman Dhir,710,432,68,36,164.35185185185185
SN Khan,689,506,78,19,136.16600790513834
TL Suman,676,573,55,26,117.97556719022688
AM Nayar,672,573,55,20,117.27748691099477
GJ Bailey,663,541,59,19,122.55083179297597
E Lewis,653,471,62,36,138.6411889596603
PJ Cummins,642,419,40,44,153.2219570405728
Rashid Khan,634,398,45,43,159.2964824120603
CH Morris,618,397,41,35,155.6675062972292
JJ Roy,614,441,75,21,139.22902494331066
D Brevis,606,415,38,43,146.02409638554218
JD Ryder,604,455,69,19,132.74725274725276
PP Chawla,604,551,53,19,109.61887477313975
Shahbaz Ahmed,603,487,33,28,123.81930184804928
WG Jacks,602,377,50,38,159.6816976127321
HM Amla,577,406,60,21,142.11822660098522
R Powell,554,385,38,38,143.8961038961039
CJ Anderson,538,421,40,31,127.79097387173397
JP Inglis,533,307,56,28,173.6156351791531
RS Bopara,530,445,39,16,119.10112359550561
MK Lomror,527,372,33,30,141.66666666666666
SE Rutherford,520,362,30,38,143.646408839779
M Manhas,514,470,43,10,109.36170212765957
Ashutosh Sharma,508,292,35,37,173.97260273972603
OA Shah,506,388,34,23,130.41237113402062
Gurkeerat Singh,505,419,54,11,120.52505966587113
SW Billings,503,385,40,20,130.64935064935065
JP Faulkner,503,355,34,23,141.69014084507043
PC Valthaty,500,407,60,20,122.85012285012284
C Connolly,491,299,43,32,164.2140468227425
RR Rossouw,473,306,45,25,154.5751633986928
DT Christian,460,394,23,19,116.751269035533
A Mhatre,441,239,51,23,184.51882845188285
Sameer Rizvi,424,293,30,26,144.7098976109215
SA Asnodkar,423,337,56,10,125.51928783382789
JR Hopes,417,305,49,11,136.72131147540983
NLTC Perera,415,297,22,26,139.73063973063972
R Ravindra,413,284,40,16,145.42253521126761
J Botha,409,358,39,5,114.24581005586592
AL Menaria,401,354,24,18,113.2768361581921
MV Boucher,394,307,32,13,128.33876221498372
LR Shukla,392,337,32,16,116.32047477744807
CA Pujara,390,390,50,4,100.0
Azhar Mahmood,388,303,39,13,128.05280528052805
A Mishra,381,417,31,5,91.36690647482014
J Fraser-McGurk,376,185,37,30,203.24324324324326
DB Ravi Teja,375,315,35,9,119.04761904761905
S Sohal,368,289,34,18,127.33564013840831
KR Mayers,365,241,36,22,151.45228215767634
Rahmanullah Gurbaz,362,265,34,22,136.60377358490567
P Negi,361,285,26,16,126.66666666666667
B Kumar,354,376,34,4,94.14893617021276
KV Sharma,352,295,20,17,119.32203389830508
DJ Mitchell,351,267,28,10,131.46067415730337
SN Thakur,349,262,32,13,133.206106870229
FH Allen,343,156,32,28,219.87179487179486
R Bhatia,342,284,24,13,120.4225352112676
P Kumar,340,312,22,17,108.97435897435898
AP Tare,339,272,40,11,124.63235294117646
JEC Franklin,327,300,25,9,109.0
D Ferreira,326,191,26,23,170.6806282722513
JC Archer,326,219,18,22,148.8584474885845
RN ten Doeschate,326,235,26,15,138.72340425531914
JO Holder,324,261,16,21,124.13793103448276
Anuj Rawat,318,267,26,14,119.10112359550561
Aniket Verma,315,196,18,25,160.71428571428572
Lalit Yadav,305,285,27,7,107.01754385964912
DB Das,304,260,23,16,116.92307692307692
C de Grandhomme,303,224,18,18,135.26785714285714
LA Pomersbach,302,243,25,13,124.2798353909465
R Vinay Kumar,302,268,20,9,112.68656716417911
UBT Chand,300,299,32,9,100.33444816053512
Kartik Sharma,295,216,24,16,136.57407407407408
DJG Sammy,295,241,15,18,122.40663900414938
Ramandeep Singh,293,192,17,19,152.60416666666666
SP Goswami,293,293,32,3,100.0
A Manohar,292,235,23,14,124.25531914893617
Y Nagar,285,259,20,9,110.03861003861005
VVS Laxman,282,266,33,5,106.01503759398496
B Chipli,280,250,28,7,112.0
MJ Lumb,278,191,45,6,145.5497382198953
P Nissanka,278,173,33,12,160.6936416184971
PBB Rajapaksa,277,190,22,15,145.78947368421052
HV Patel,274,236,18,14,116.10169491525424
R Sathish,270,230,22,6,117.3913043478261
PK Garg,269,231,16,9,116.45021645021644
R Shepherd,268,150,18,22,178.66666666666666
A Ashish Reddy,266,181,16,14,146.96132596685084
K Rabada,262,238,21,11,110.08403361344538
Atharva Taide,260,177,30,8,146.89265536723164
MJ Guptill,255,184,23,14,138.58695652173913
Harpreet Brar,249,206,20,10,120.87378640776699
M Kaif,245,233,22,6,105.15021459227468
SM Katich,241,185,26,8,130.27027027027026
GH Vihari,238,270,21,1,88.14814814814815
BCJ Cutting,238,141,15,19,168.79432624113474
MD Mishra,237,206,24,8,115.04854368932038
K Gowtham,226,130,14,16,173.84615384615384
SB Dubey,220,142,17,13,154.92957746478874
K Goel,218,231,17,9,94.37229437229438
AA Jhunjhunwala,217,209,19,5,103.82775119617224
R Dhawan,210,187,18,7,112.29946524064171
UT Yadav,208,201,16,9,103.48258706467662
PD Collingwood,203,156,9,13,130.12820512820514
Kuldeep Yadav,200,248,17,3,80.64516129032258
JD Unadkat,200,168,16,7,119.04761904761905
KS Bharat,199,161,12,8,123.6024844720497
Urvil Patel,197,96,11,20,205.20833333333334
SK Warne,196,211,14,6,92.8909952606635
SP Fleming,196,162,27,3,120.98765432098766
Salman Butt,193,160,30,2,120.625
YV Takawale,192,177,26,3,108.47457627118644
HC Brook,190,153,23,4,124.18300653594771
M Jansen,189,167,9,9,113.17365269461078
Bipul Sharma,187,123,11,9,152.03252032520325
Mohammad Nabi,184,129,16,9,142.63565891472868
SD Hope,183,122,12,12,150.0
FY Fazal,183,172,22,1,106.3953488372093
Sikandar Raza,182,136,12,8,133.8235294117647
CA Ingram,182,161,20,5,113.04347826086956
CR Brathwaite,181,110,10,16,164.54545454545453
AC Voges,181,143,15,3,126.57342657342657
S Gopal,180,169,19,2,106.50887573964496
BJ Rohrer,179,126,19,5,142.06349206349208
AB Agarkar,178,150,13,5,118.66666666666667
C Munro,177,141,19,8,125.53191489361703
MW Short,177,142,21,5,124.64788732394366
MF Maharoof,177,123,12,9,143.90243902439025
AS Raut,173,154,12,5,112.33766233766234
MS Wade,172,157,23,2,109.55414012738854
DH Yagnik,170,133,23,2,127.81954887218045
MD Choudhary,169,118,11,12,143.22033898305085
CM Gautam,169,149,17,6,113.42281879194631
MN van Wyk,167,131,19,1,127.48091603053435
Suryansh Shedge,165,101,9,12,163.36633663366337
DW Steyn,164,157,14,3,104.45859872611464
JG Bethell,163,116,21,6,140.51724137931035
N Jagadeesan,162,147,21,2,110.20408163265306
MN Samuels,161,172,9,7,93.6046511627907
RE van der Merwe,159,141,11,8,112.76595744680851
R McLaren,159,171,14,1,92.98245614035088
MG Johnson,154,156,9,7,98.71794871794872
J Overton,151,92,14,7,164.1304347826087
Azmatullah Omarzai,151,101,11,10,149.5049504950495
AD Hales,148,117,13,6,126.4957264957265
SM Pollock,147,111,12,8,132.43243243243242
S Vidyut,145,109,21,3,133.0275229357798
Sachin Baby,144,115,11,5,125.21739130434783
Arshad Khan,142,95,6,11,149.47368421052633
DL Chahar,142,103,8,9,137.8640776699029
PA Reddy,141,139,13,2,101.43884892086331
N Saini,140,140,16,0,100.0
V Nigam,139,71,17,7,195.77464788732394
Anmolpreet Singh,139,115,19,3,120.8695652173913
D Wiese,137,92,10,7,148.91304347826087
S Anirudha,136,112,9,7,121.42857142857143
MJ Santner,136,122,9,6,111.47540983606558
GD Phillips,132,108,7,8,122.22222222222223
SB Styris,131,132,10,3,99.24242424242425
W Jaffer,130,121,14,3,107.43801652892562
RD Chahar,129,124,13,5,104.03225806451613
Kamran Akmal,128,77,13,8,166.23376623376623
UT Khawaja,127,99,14,3,128.2828282828283
TK Curran,127,107,10,3,118.69158878504673
P Dogra,127,138,4,5,92.02898550724638
SS Prabhudessai,126,105,11,4,120.0
M Morkel,126,89,11,5,141.57303370786516
BB Samantray,125,113,13,2,110.61946902654867
MM Sharma,125,136,9,4,91.91176470588235
B Lee,124,96,8,8,129.16666666666666
Harpreet Singh,123,118,10,3,104.23728813559322
AB McDonald,123,98,9,4,125.51020408163265
S Arora,121,77,9,9,157.14285714285714
DL Vettori,121,112,11,2,108.03571428571429
NK Patel,121,119,14,1,101.68067226890756
AC Blizzard,120,90,21,2,133.33333333333334
TG Southee,120,106,8,4,113.20754716981132
Misbah-ul-Haq,117,81,10,6,144.44444444444446
Mohammed Siraj,117,137,11,4,85.4014598540146
Z Khan,117,140,11,2,83.57142857142857
RJ Harris,117,111,6,3,105.4054054054054
KK Cooper,116,67,9,8,173.13432835820896
Aman Hakim Khan,115,104,8,6,110.57692307692308
DJM Short,115,99,11,5,116.16161616161617
M Kartik,111,105,7,1,105.71428571428571
DJ Harris,111,101,11,5,109.9009900990099
MA Starc,110,120,11,0,91.66666666666667
MC Juneja,108,112,9,1,96.42857142857143
LJ Wright,106,59,16,3,179.66101694915255
JDP Oram,106,107,6,5,99.06542056074767
Mohammed Shami,104,105,8,4,99.04761904761905
DS Kulkarni,104,108,7,2,96.29629629629629
SD Chitnis,99,88,10,2,112.5
MJ Clarke,98,94,12,0,104.25531914893617
CJ Ferguson,98,117,9,0,83.76068376068376
MS Gony,97,64,6,8,151.5625
C Bosch,97,63,8,5,153.96825396825398
RJ Quiney,97,100,12,2,97.0
PN Mankad,97,72,13,2,134.72222222222223
TA Boult,93,85,5,4,109.41176470588235
PR Shah,92,90,9,2,102.22222222222223
PHKD Mendis,92,68,7,2,135.2941176470588
JDS Neesham,92,93,6,2,98.9247311827957
DJ Jacobs,92,98,10,4,93.87755102040816
S Rana,91,79,9,1,115.18987341772151
RT Ponting,91,128,5,2,71.09375
AD Nath,90,98,7,2,91.83673469387755
PR Veer,90,67,10,3,134.32835820895522
MD Shanaka,89,72,5,5,123.61111111111111
Iqbal Abdulla,88,82,9,1,107.3170731707317
SL Malinga,88,98,6,5,89.79591836734694
AP Majumdar,87,76,7,2,114.47368421052632
Ankit Sharma,87,67,7,4,129.8507462686567
MJ McClenaghan,84,68,5,7,123.52941176470588
RE Levi,83,73,10,4,113.6986301369863
PWH de Silva,81,88,7,1,92.04545454545455
WPUJC Vaas,81,72,2,3,112.5
LA Carseldine,81,66,11,0,122.72727272727273
Shahid Afridi,81,46,7,6,176.08695652173913
RV Patel,80,73,6,2,109.58904109589041
JR Philippe,78,77,9,1,101.2987012987013
AS Roy,78,63,6,2,123.80952380952381
CR Woakes,78,77,7,2,101.2987012987013
KA Jamieson,77,73,6,4,105.47945205479452
IR Jaggi,76,97,6,0,78.35051546391753
B Akhil,76,55,5,5,138.1818181818182
TR Birt,75,57,9,2,131.57894736842104
JJ Bumrah,75,84,6,1,89.28571428571429
A Kamboj,74,50,5,4,148.0
Himmat Singh,73,57,3,4,128.0701754385965
RR Sarwan,73,75,6,1,97.33333333333333
M Klinger,73,75,9,0,97.33333333333333
LH Ferguson,72,46,7,2,156.52173913043478
Vishnu Vinod,71,64,4,4,110.9375
SK Rasheed,71,63,9,2,112.6984126984127
Vivrant Sharma,69,47,9,2,146.80851063829786
AA Bilakhia,69,84,5,0,82.14285714285714
Avesh Khan,68,43,7,4,158.13953488372093
HR Shokeen,66,65,9,0,101.53846153846153
AJ Tye,66,64,4,3,103.125
R Sharma,66,75,5,3,88.0
WD Parnell,65,80,4,1,81.25
RR Powar,65,63,6,1,103.17460317460318
Mohammad Hafeez,64,83,7,2,77.10843373493977
N Sindhu,63,50,7,2,126.0
CJ Jordan,63,63,1,3,100.0
Anirudh Singh,63,66,6,1,95.45454545454545
A Flintoff,62,53,5,2,116.98113207547169
SP Jackson,61,57,5,1,107.01754385964912
Sandeep Sharma,60,74,4,0,81.08108108108108
S Aravind,59,57,7,0,103.50877192982456
Harshit Rana,59,55,5,3,107.27272727272727
MG Bracewell,58,47,6,1,123.40425531914893
NM Coulter-Nile,58,60,3,4,96.66666666666667
I Sharma,56,68,4,2,82.3529411764706
WA Mota,56,75,2,0,74.66666666666667
J Suchith,56,55,4,2,101.81818181818181
M Rawat,55,69,4,1,79.71014492753623
TU Deshpande,54,36,2,4,150.0
A Chopra,53,71,7,0,74.64788732394366
Shivang Kumar,53,45,6,1,117.77777777777777
DJ Willey,53,62,7,0,85.48387096774194
PVD Chameera,53,45,3,3,117.77777777777777
RP Singh,52,76,2,1,68.42105263157895
Shoaib Malik,52,46,5,0,113.04347826086956
AD Mascarenhas,52,50,3,1,104.0
OF Smith,51,44,1,5,115.9090909090909
Shivam Mavi,51,56,4,2,91.07142857142857
Swapnil Singh,51,45,3,3,113.33333333333333
RV Gomez,50,51,5,1,98.03921568627452
VR Aaron,50,71,2,2,70.4225352112676
AG Paunikar,49,55,9,0,89.0909090909091
AS Yadav,49,39,5,2,125.64102564102564
M Markande,48,42,5,1,114.28571428571429
T Kohler-Cadmore,48,54,7,1,88.88888888888889
SB Bangar,47,49,1,3,95.91836734693878
A Nortje,46,49,6,0,93.87755102040816
KB Arun Karthik,46,45,4,1,102.22222222222223
SU Parakh,46,33,5,2,139.3939393939394
Ravi Bishnoi,45,69,2,2,65.21739130434783
TL Seifert,45,38,6,1,118.42105263157895
D Pretorius,44,28,3,3,157.14285714285714
DR Sams,44,44,1,3,100.0
Sunny Singh,43,31,6,1,138.70967741935485
Rasikh Salam,43,42,5,0,102.38095238095238
SK Trivedi,42,58,3,1,72.41379310344827
AB Barath,42,42,5,1,100.0
A Nehra,41,60,3,1,68.33333333333333
LPC Silva,40,26,5,1,153.84615384615384
BR Dunk,40,35,7,0,114.28571428571429
J Yadav,40,36,2,1,111.11111111111111
XC Bartlett,40,28,3,2,142.85714285714286
Umar Gul,39,19,1,5,205.26315789473685
S Nadeem,39,87,2,0,44.827586206896555
DJ Thornely,39,53,2,2,73.58490566037736
AUK Pathan,39,23,5,2,169.56521739130434
MM Patel,39,41,5,0,95.1219512195122
R Rampaul,39,42,3,1,92.85714285714286
YS Chahal,37,86,0,0,43.02325581395349
S Narwal,37,27,6,0,137.03703703703704
AN Ahmed,36,26,4,1,138.46153846153845
Sohail Tanvir,36,28,3,1,128.57142857142858
L Balaji,36,49,2,1,73.46938775510205
Joginder Sharma,36,30,1,2,120.0
Anureet Singh,36,47,2,1,76.59574468085107
KW Richardson,36,39,2,1,92.3076923076923
A Kumble,35,47,3,0,74.46808510638297
B Sumanth,35,37,3,0,94.5945945945946
RA Bawa,35,32,2,0,109.375
M Ashwin,35,50,2,1,70.0
Salil Arora,35,21,2,2,166.66666666666666
A Mithun,34,26,4,1,130.76923076923077
L Ronchi,34,34,6,1,100.0
AP Dole,34,22,3,1,154.54545454545453
S Sreesanth,34,55,6,0,61.81818181818182
Imran Tahir,33,37,5,0,89.1891891891892
Navdeep Saini,33,36,3,0,91.66666666666667
D Salunkhe,33,24,5,0,137.5
Arshdeep Singh,32,47,4,0,68.08510638297872
RJ Peterson,32,30,3,1,106.66666666666667
AT Carey,32,29,0,1,110.34482758620689
Noor Ahmad,31,58,2,1,53.44827586206897
S Sriram,31,36,3,0,86.11111111111111
CV Varun,31,53,3,0,58.490566037735846
T Taibu,31,26,3,0,119.23076923076923
G Coetzee,31,32,2,2,96.875
Basil Thampi,30,31,1,1,96.7741935483871
Akshat Raghuwanshi,29,25,1,1,116.0
VH Zol,29,26,3,1,111.53846153846153
SB Jakati,28,29,3,0,96.55172413793103
J Syed Mohammad,28,24,4,0,116.66666666666667
Yashpal Singh,27,47,2,0,57.4468085106383
AS Joseph,27,32,3,0,84.375
AB Dinda,26,48,2,0,54.166666666666664
DJ Malan,26,26,1,1,100.0
AS Rajpoot,26,41,2,1,63.41463414634146
PJ Sangwan,26,44,1,0,59.09090909090909
AA Kulkarni,26,33,3,0,78.78787878787878
NL McCullum,26,22,0,1,118.18181818181819
JM Kemp,26,24,1,1,108.33333333333333
Sanvir Singh,25,21,2,1,119.04761904761905
A Choudhary,25,20,1,1,125.0
AF Milne,25,31,0,1,80.64516129032258
S Chanderpaul,25,31,4,0,80.64516129032258
Mohsin Khan,25,28,2,1,89.28571428571429
Akash Deep,25,14,2,2,178.57142857142858
ER Dwivedi,24,14,2,2,171.42857142857142
AJ Turner,24,28,0,2,85.71428571428571
NS Naik,24,34,1,0,70.58823529411765
MA Khote,24,22,2,1,109.0909090909091
Kartik Tyagi,24,26,2,1,92.3076923076923
KC Cariappa,24,21,0,2,114.28571428571429
Tanush Kotian,24,31,3,0,77.41935483870968
Umran Malik,23,15,1,2,153.33333333333334
GF Linde,23,17,4,0,135.2941176470588
P Dubey,23,33,2,0,69.6969696969697
J Arunkumar,23,23,5,0,100.0
SW Tait,23,26,1,1,88.46153846153847
BMAJ Mendis,23,27,0,0,85.18518518518519
SA Abbott,22,18,1,2,122.22222222222223
HE van der Dussen,22,24,2,0,91.66666666666667
GB Hogg,22,22,1,0,100.0
Yudhvir Singh,22,16,1,2,137.5
KL Nagarkoti,22,33,1,0,66.66666666666667
Sediqullah Atal,22,16,0,2,137.5
AU Rashid,22,15,2,1,146.66666666666666
Kumar Kushagra,21,21,3,0,100.0
M Tiwari,21,12,2,1,175.0
B Indrajith,21,30,2,0,70.0
DE Bollinger,21,22,1,1,95.45454545454545
AJ Hosein,21,13,1,1,161.53846153846155
AC Thomas,20,19,1,1,105.26315789473684
M Muralitharan,20,29,1,0,68.96551724137932
C Sakariya,20,30,3,0,66.66666666666667
BKG Mendis,20,10,1,2,200.0
NJ Maddinson,20,21,4,0,95.23809523809524
S Kaul,20,36,1,0,55.55555555555556
RR Raje,20,18,1,1,111.11111111111111
A Mukund,19,22,1,0,86.36363636363636
JR Hazlewood,19,30,1,0,63.333333333333336
NT Ellis,19,25,0,1,76.0
DR Martyn,19,24,1,0,79.16666666666667
P Ray Barman,19,24,2,0,79.16666666666667
P Sahu,19,13,1,1,146.15384615384616
Gulbadin Naib,19,15,1,1,126.66666666666667
R Bishnoi,19,17,1,2,111.76470588235294
R Smaran,19,25,3,0,76.0
R Shukla,19,23,2,0,82.6086956521739
Y Gnaneswara Rao,19,17,3,0,111.76470588235294
Harmeet Singh,18,12,3,0,150.0
DS Lehmann,18,18,3,0,100.0
R Sai Kishore,18,16,0,2,112.5
PV Tambe,18,38,1,0,47.36842105263158
Naveen-ul-Haq,18,24,2,0,75.0
T Banton,18,20,1,1,90.0
Sumit Kumar,18,24,2,1,75.0
Arjun Tendulkar,18,14,0,1,128.57142857142858
KMA Paul,18,24,1,1,75.0
JJ van der Wath,18,16,1,1,112.5
BJ Haddin,18,11,2,1,163.63636363636363
Saurav Chauhan,18,15,1,1,120.0
M Theekshana,17,34,0,1,50.0
Parvez Rasool,17,20,1,0,85.0
JA Richardson,17,26,2,0,65.38461538461539
Vijaykumar Vyshak,16,16,0,1,100.0
PP Ojha,16,44,0,0,36.36363636363637
YV Dhull,16,23,1,0,69.56521739130434
CK Kapugedera,16,22,0,0,72.72727272727273
I Udana,15,11,1,1,136.36363636363637
A Zampa,15,24,1,0,62.5
C Madan,15,18,3,0,83.33333333333333
JL Pattinson,15,13,2,0,115.38461538461539
SD Lad,15,13,1,1,115.38461538461539
M Prasidh Krishna,15,31,1,0,48.38709677419355
VY Mahesh,15,27,0,0,55.55555555555556
GR Napier,15,16,1,0,93.75
N Burger,14,9,0,1,155.55555555555554
MP Breetzke,14,12,1,1,116.66666666666667
FA Allen,14,18,1,0,77.77777777777777
F Behardien,14,13,2,0,107.6923076923077
Auqib Nabi,14,3,2,1,466.6666666666667
MDKJ Perera,14,13,3,0,107.6923076923077
KJ Abbott,13,8,0,1,162.5
Mustafizur Rahman,13,24,0,1,54.166666666666664
S Badree,13,23,0,0,56.52173913043478
Harsh Dubey,13,9,2,0,144.44444444444446
DT Patil,13,13,1,0,100.0
DR Shorey,13,17,0,1,76.47058823529412
R Minz,12,19,1,0,63.1578947368421
AA Chavan,12,11,2,0,109.0909090909091
K Kartikeya,12,17,1,0,70.58823529411765
DG Nalkande,12,12,0,1,100.0
T Dahiya,12,15,2,0,80.0
T Thushara,12,18,0,0,66.66666666666667
MA Wood,12,8,1,1,150.0
Karanveer Singh,12,17,1,0,70.58823529411765
DAJ Bracewell,12,9,1,0,133.33333333333334
Mujeeb Ur Rahman,12,15,2,0,80.0
AR Bawne,12,12,1,0,100.0
K Upadhyay,12,9,0,1,133.33333333333334
M Ntini,11,18,2,0,61.111111111111114
T Henderson,11,15,0,1,73.33333333333333
Virat Singh,11,12,1,0,91.66666666666667
DNT Zoysa,11,9,1,0,122.22222222222223
T Kohli,11,19,0,1,57.89473684210526
D du Preez,10,13,0,0,76.92307692307692
J Theron,10,11,1,0,90.9090909090909
RK Bhui,10,26,0,0,38.46153846153846
VG Arora,10,27,0,0,37.03703703703704
BB Sran,10,13,0,0,76.92307692307692
X Thalaivan Sargunam,10,17,0,0,58.8235294117647
Krish Bhagat,10,21,0,0,47.61904761904762
TD Paine,10,26,0,0,38.46153846153846
SMSM Senanayake,10,16,0,0,62.5
Mukesh Kumar,10,18,0,0,55.55555555555556
AG Murtaza,10,14,1,0,71.42857142857143
JE Root,10,15,1,0,66.66666666666667
Simarjeet Singh,10,15,0,0,66.66666666666667
KAJ Roach,10,9,1,0,111.11111111111111
PWA Mulder,9,11,1,0,81.81818181818181
SM Harwood,9,13,0,0,69.23076923076923
L Wood,9,3,0,1,300.0
AA Noffke,9,10,1,0,90.0
JPR Scantlebury-Searles,8,6,0,1,133.33333333333334
TM Srivastava,8,11,0,0,72.72727272727273
TS Mills,8,14,0,1,57.142857142857146
KT Maphaka,8,2,2,0,400.0
Akash Madhwal,8,14,0,0,57.142857142857146
OC McCoy,8,5,0,1,160.0
P Chopra,8,6,2,0,133.33333333333334
SH Johnson,8,12,1,0,66.66666666666667
Mukesh Choudhary,8,8,1,0,100.0
CK Langeveldt,8,9,0,1,88.88888888888889
Jaskaran Singh,8,11,0,0,72.72727272727273
CJ McKay,8,15,0,0,53.333333333333336
VS Malik,7,7,1,0,100.0
Pankaj Singh,7,12,0,0,58.333333333333336
MJ Henry,7,10,1,0,70.0
KS Sharma,7,9,1,0,77.77777777777777
V Viyaskanth,7,5,0,0,140.0
LG Pretorius,7,8,0,0,87.5
UA Birla,7,14,1,0,50.0
AN Ghosh,7,8,1,0,87.5
E Malinga,7,17,0,0,41.1764705882353
IS Sodhi,7,17,0,0,41.1764705882353
I Malhotra,7,4,1,0,175.0
DA Payne,6,5,0,0,120.0
PSP Handscomb,6,12,0,0,50.0
SB Joshi,6,14,0,0,42.857142857142854
JP Behrendorff,6,9,0,0,66.66666666666667
DM Bravo,6,5,1,0,120.0
BA Bhatt,6,7,0,1,85.71428571428571
SS Shaikh,6,7,1,0,85.71428571428571
Shivam Sharma,5,3,1,0,166.66666666666666
Arshad Khan (2),5,4,1,0,125.0
P Awana,5,14,0,0,35.714285714285715
Fazalhaq Farooqi,5,15,0,0,33.333333333333336
Prince Yadav,5,10,0,0,50.0
B Stanlake,5,2,1,0,250.0
B Laughlin,5,13,0,0,38.46153846153846
KMDN Kulasekara,5,3,1,0,166.66666666666666
MP Yadav,5,5,1,0,100.0
Sakib Hussain,5,7,1,0,71.42857142857143
SJ Srivastava,5,5,0,0,100.0
A Tomar,4,8,1,0,50.0
A Dananjaya,4,5,0,0,80.0
VRV Singh,4,3,1,0,133.33333333333334
A Uniyal,4,7,0,0,57.142857142857146
Ravi Singh,4,2,1,0,200.0
DP Nannes,4,13,0,0,30.76923076923077
GD McGrath,4,5,1,0,80.0
A Chandila,4,7,0,0,57.142857142857146
L Ngidi,4,8,0,0,50.0
T Natarajan,4,7,0,0,57.142857142857146
Liton Das,4,4,1,0,100.0
Yash Dayal,4,9,0,0,44.44444444444444
CRD Fernando,4,3,0,0,133.33333333333334
SR Dubey,4,2,1,0,200.0
FH Edwards,4,5,0,0,80.0
RS Sodhi,4,2,1,0,200.0
BAW Mendis,3,6,0,0,50.0
D Kalyankrishna,3,8,0,0,37.5
S Tyagi,3,4,0,0,75.0
JE Taylor,3,3,0,0,100.0
Mohammad Asif,3,6,0,0,50.0
GC Viljoen,3,7,0,0,42.857142857142854
Kamran Khan,3,5,0,0,60.0
Younis Khan,3,7,0,0,42.857142857142854
PP Hinge,3,9,0,0,33.333333333333336
DS Rathi,3,8,0,0,37.5
R Ninan,3,5,0,0,60.0
RJW Topley,3,6,0,0,50.0
A Singh,2,9,0,0,22.22222222222222
VS Yeligati,2,2,0,0,100.0
H Das,2,5,0,0,40.0
RS Gavaskar,2,8,0,0,25.0
KK Ahmed,2,9,0,0,22.22222222222222
RJ Gleeson,2,2,0,0,100.0
DV Malewar,2,5,0,0,40.0
RG More,2,2,0,0,100.0
GHS Garton,2,4,0,0,50.0
S Randiv,2,4,0,0,50.0
Mashrafe Mortaza,2,2,0,0,100.0
Mohammad Ashraful,2,10,0,0,20.0
SB Wagh,2,3,0,0,66.66666666666667
BR Sharath,2,5,0,0,40.0
AM Ghazanfar,2,3,0,0,66.66666666666667
Brijesh Sharma,2,4,0,0,50.0
Shivam Singh,2,3,0,0,66.66666666666667
Shoaib Akhtar,2,7,0,0,28.571428571428573
KP Appanna,2,4,0,0,50.0
T Shamsi,2,4,0,0,50.0
HF Gurney,1,5,0,0,20.0
Ashwani Kumar,1,6,0,0,16.666666666666668
LB Williams,1,2,0,0,50.0
M de Lange,1,2,0,0,50.0
Shoaib Ahmed,1,6,0,0,16.666666666666668
LE Plunkett,1,3,0,0,33.333333333333336
Ashok Sharma,1,4,0,0,25.0
MS Bhandage,1,4,0,0,25.0
MJ Suthar,1,2,0,0,50.0
SE Bond,1,2,0,0,50.0
NJ Rimmington,1,1,0,0,100.0
PVSN Raju,1,1,0,0,100.0
P Parameswaran,1,2,0,0,50.0
PM Sarvesh Kumar,1,2,0,0,50.0
DP Vijaykumar,1,1,0,0,100.0
Abdul Basith,1,1,0,0,100.0
KA Maharaj,1,2,0,0,50.0
SZ Mulani,1,1,0,0,100.0
DJ Muthuswami,1,3,0,0,33.333333333333336
Mohit Rathee,1,2,0,0,50.0
SS Mishra,1,3,0,0,33.333333333333336
BE Hendricks,1,3,0,0,33.333333333333336
S Ladda,0,9,0,0,0.0
S Lamichhane,0,1,0,0,0.0
R Sanjay Yadav,0,2,0,0,0.0
Y Prithvi Raj,0,1,0,0,0.0
S Kaushik,0,1,0,0,0.0
Abdur Razzak,0,2,0,0,0.0
RP Meredith,0,3,0,0,0.0
RR Bhatkal,0,2,0,0,0.0
ND Doshi,0,13,0,0,0.0
IC Pandey,0,2,0,0,0.0
SS Cottrell,0,2,0,0,0.0
JL Denly,0,1,0,0,0.0
C Nanda,0,1,0,0,0.0
MJ Owen,0,2,0,0,0.0
Musheer Khan,0,3,0,0,0.0
Mayank Dagar,0,1,0,0,0.0
K Yadav,0,4,0,0,0.0
KM Asif,0,2,0,0,0.0
KS Rathore,0,5,0,0,0.0
KR Sen,0,3,0,0,0.0
Sunny Gupta,0,1,0,0,0.0
L Ablish,0,2,0,0,0.0
U Kaul,0,1,0,0,0.0
YA Abdulla,0,1,0,0,0.0
Ankit Soni,0,7,0,0,0.0
V Pratap Singh,0,1,0,0,0.0
