bowler,wickets,runs_conceded,legal_balls,economy_rate
YS Chahal,229,5343,3993,8.02854996243426
B Kumar,225,5884,4576,7.715034965034965
SP Narine,206,5175,4579,6.780956540729417
PP Chawla,190,5018,3784,7.956659619450317
R Ashwin,185,5591,4656,7.204896907216495
DJ Bravo,183,4360,3120,8.384615384615385
JJ Bumrah,180,4312,3535,7.318811881188119
RA Jadeja,179,5436,4224,7.721590909090909
Rashid Khan,177,4202,3458,7.29091960670908
A Mishra,171,4063,3299,7.38951197332525
SL Malinga,168,3295,2779,7.114069809283915
Sandeep Sharma,150,4209,3087,8.180758017492712
Harbhajan Singh,149,4007,3392,7.087853773584905
HV Patel,146,3621,2434,8.926047658175841
K Rabada,145,3264,2224,8.805755395683454
TA Boult,143,3853,2732,8.461932650073207
UT Yadav,142,4285,3020,8.513245033112582
Mohammed Shami,140,4129,2840,8.723239436619718
MM Sharma,133,3430,2355,8.738853503184714
AR Patel,133,4313,3477,7.442622950819672
Mohammed Siraj,128,3911,2672,8.782185628742514
AD Russell,121,2779,1758,9.484641638225256
SN Thakur,119,3514,2202,9.574931880108991
Arshdeep Singh,109,3060,2002,9.17082917082917
Kuldeep Yadav,109,3038,2208,8.255434782608695
JD Unadkat,108,3434,2273,9.06467223933128
CV Varun,107,2641,2062,7.684772065955383
A Nehra,105,2464,1884,7.8471337579617835
Z Khan,102,2782,2199,7.590723055934515
KH Pandya,102,3339,2623,7.637819290888296
R Vinay Kumar,101,2888,2049,8.456808199121523
DL Chahar,96,2821,2044,8.280821917808218
DW Steyn,96,2471,2152,6.889405204460966
CH Morris,93,2226,1672,7.988038277511961
SR Watson,92,2616,1987,7.899345747357826
I Sharma,91,3314,2371,8.386334879797554
Avesh Khan,90,2700,1743,9.294320137693632
M Prasidh Krishna,90,2565,1709,9.005266237565827
RP Singh,90,2290,1751,7.846944603083952
P Kumar,90,3251,2524,7.728209191759112
PP Ojha,89,2337,1899,7.38388625592417
KK Ahmed,88,2390,1609,8.912367930391548
DS Kulkarni,85,2438,1763,8.297220646625071
PJ Cummins,83,2633,1761,8.971039182282794
KV Sharma,83,2215,1585,8.384858044164037
JA Morkel,83,2336,1699,8.249558563861095
Imran Tahir,82,1703,1316,7.764437689969605
JC Archer,82,2129,1554,8.22007722007722
Ravi Bishnoi,81,2460,1753,8.419851682829435
HH Pandya,80,2731,1752,9.352739726027398
IK Pathan,79,2562,1989,7.728506787330317
L Balaji,75,1999,1488,8.060483870967742
M Morkel,75,2017,1581,7.654648956356736
MA Starc,75,1656,1131,8.785145888594165
MM Patel,73,1662,1337,7.458489154824234
RD Chahar,72,2111,1622,7.808877928483354
JR Hazlewood,72,1690,1176,8.622448979591837
MJ McClenaghan,71,1753,1250,8.4144
T Natarajan,70,2334,1522,9.201051248357425
R Bhatia,70,1991,1612,7.410669975186104
JO Holder,70,1751,1225,8.576326530612246
AB Dinda,69,2034,1498,8.146862483311082
KA Pollard,69,2141,1470,8.738775510204082
SK Trivedi,65,1904,1506,7.585657370517929
JH Kallis,65,2289,1736,7.911290322580645
Mustafizur Rahman,65,1849,1364,8.133431085043988
Shakib Al Hasan,62,1816,1460,7.463013698630137
A Nortje,61,1663,1096,9.104014598540147
Noor Ahmad,61,1495,1098,8.169398907103826
MG Johnson,60,1669,1208,8.289735099337749
M Muralitharan,59,1662,1476,6.7560975609756095
SM Curran,59,2033,1253,9.735035913806863
S Kaul,56,1708,1185,8.648101265822785
TU Deshpande,55,1819,1079,10.114921223354958
SK Warne,55,1422,1170,7.292307692307692
JP Faulkner,53,1657,1143,8.698162729658792
S Gopal,49,1337,985,8.144162436548223
LH Ferguson,48,1618,1041,9.32564841498559
NM Coulter-Nile,48,1067,833,7.685474189675871
SB Jakati,47,1451,1085,8.023963133640553
S Nadeem,47,1758,1391,7.5830337886412655
RJ Harris,45,1047,832,7.550480769230769
TG Southee,45,1710,1182,8.680203045685278
PWH de Silva,45,1081,774,8.37984496124031
A Kumble,45,1058,965,6.578238341968912
M Pathirana,45,1003,690,8.721739130434782
M Jansen,45,1626,1011,9.649851632047477
S Aravind,45,1039,760,8.202631578947368
VR Aaron,44,1458,988,8.854251012145749
MP Stoinis,44,1506,911,9.918770581778265
VG Arora,43,1348,818,9.887530562347187
YK Pathan,42,1388,1123,7.415850400712378
Mukesh Kumar,42,1424,806,10.600496277915633
L Ngidi,42,869,620,8.40967741935484
AJ Tye,42,970,678,8.584070796460177
Yash Dayal,41,1390,871,9.5752009184845
GJ Maxwell,41,1374,992,8.310483870967742
MC Henriques,40,1275,932,8.208154506437769
R Sharma,40,1082,922,7.0412147505422995
Harshit Rana,40,1002,637,9.437990580847723
S Sreesanth,40,1194,880,8.14090909090909
Iqbal Abdulla,40,1092,908,7.215859030837004
Washington Sundar,39,1508,1150,7.867826086956522
P Awana,39,1029,747,8.265060240963855
MM Ali,39,1016,830,7.344578313253012
PJ Sangwan,38,1240,856,8.69158878504673
DT Christian,38,1192,883,8.099660249150622
MS Gony,37,1267,876,8.678082191780822
M Markande,37,1145,750,9.16
Harpreet Brar,37,1145,859,7.997671711292201
DE Bollinger,37,693,576,7.21875
MR Marsh,36,784,547,8.59963436928702
WD Parnell,35,937,723,7.775933609958506
Yuvraj Singh,35,1051,851,7.410105757931845
M Ashwin,35,1134,852,7.985915492957746
P Negi,34,939,716,7.868715083798882
KK Cooper,33,757,576,7.885416666666667
R Sai Kishore,33,697,465,8.993548387096775
Mohsin Khan,33,894,630,8.514285714285714
M Theekshana,33,1130,828,8.18840579710145
E Malinga,32,717,462,9.311688311688311
Kartik Tyagi,32,1170,704,9.971590909090908
A Kamboj,31,816,491,9.971486761710795
R Tewatia,31,1080,825,7.8545454545454545
M Kartik,31,1361,1125,7.258666666666667
NLTC Perera,30,995,674,8.857566765578635
MJ Santner,30,860,687,7.510917030567685
CR Woakes,30,658,440,8.972727272727273
A Zampa,30,599,443,8.112866817155757
Umran Malik,29,772,493,9.39553752535497
Shivam Mavi,29,908,631,8.63391442155309
Azhar Mahmood,29,700,537,7.82122905027933
Rasikh Salam,29,814,488,10.008196721311476
CJ Jordan,29,982,626,9.412140575079873
AB Agarkar,29,1137,776,8.791237113402062
DL Vettori,28,879,777,6.787644787644788
DP Nannes,28,785,646,7.291021671826625
BA Stokes,28,992,689,8.638606676342526
A Singh,28,620,473,7.864693446088795
Shahbaz Ahmed,27,1069,655,9.79236641221374
Yash Thakur,27,825,467,10.599571734475374
MF Maharoof,27,520,420,7.428571428571429
Harmeet Singh,27,731,549,7.9890710382513666
AD Mathews,27,1079,791,8.184576485461442
Suyash Sharma,27,1190,803,8.891656288916563
DR Smith,26,810,539,9.01669758812616
Vijaykumar Vyshak,26,906,519,10.473988439306359
Naveen-ul-Haq,25,591,387,9.162790697674419
Mukesh Choudhary,25,771,483,9.577639751552795
PV Tambe,25,763,600,7.63
J Botha,25,800,694,6.916426512968299
R Dhawan,25,891,662,8.075528700906345
B Lee,25,1095,875,7.508571428571429
SK Raina,25,1077,873,7.402061855670103
AS Rajpoot,24,814,529,9.232514177693762
GB Hogg,23,570,458,7.467248908296943
Akash Madhwal,23,590,352,10.056818181818182
Navdeep Saini,23,922,634,8.725552050473187
SW Tait,23,640,473,8.118393234672304
JP Duminy,23,834,678,7.380530973451328
Sohail Tanvir,22,266,247,6.461538461538462
BW Hilfenhaus,22,479,372,7.725806451612903
C Green,22,886,559,9.509838998211091
K Gowtham,21,769,564,8.180851063829786
N Burger,21,585,363,9.669421487603305
VY Mahesh,21,499,339,8.831858407079647
STR Binny,21,706,552,7.673913043478261
RE van der Merwe,21,498,443,6.744920993227991
AS Joseph,21,691,434,9.55299539170507
C Sakariya,20,599,426,8.43661971830986
A Symonds,20,674,527,7.673624288425048
Mujeeb Ur Rahman,20,620,446,8.340807174887892
NT Ellis,19,546,378,8.666666666666666
JP Behrendorff,19,552,366,9.049180327868852
DS Rathi,19,780,522,8.96551724137931
J Suchith,19,581,396,8.803030303030303
Prince Yadav,19,660,425,9.31764705882353
RP Meredith,19,612,388,9.463917525773196
KW Richardson,18,444,311,8.565916398713826
BB Sran,18,733,471,9.337579617834395
Basil Thampi,18,731,449,9.768374164810691
IC Pandey,18,591,462,7.675324675324675
CH Gayle,18,694,518,8.038610038610038
Arshad Khan,18,669,364,11.027472527472527
WPUJC Vaas,18,355,282,7.553191489361702
AD Mascarenhas,18,327,284,6.908450704225352
Ashwani Kumar,17,334,183,10.950819672131148
A Ashish Reddy,17,389,256,9.1171875
BJ Hodge,17,303,234,7.769230769230769
CRD Fernando,17,298,234,7.641025641025641
R Shepherd,17,706,360,11.766666666666667
Bipul Sharma,17,572,426,8.056338028169014
D Wiese,16,401,272,8.845588235294118
KA Jamieson,16,506,300,10.12
YA Abdulla,15,307,209,8.813397129186603
LR Shukla,15,447,314,8.54140127388535
Anureet Singh,15,547,364,9.016483516483516
Sakib Hussain,15,397,252,9.452380952380953
RG Sharma,15,453,339,8.017699115044248
G Coetzee,15,472,273,10.373626373626374
Azmatullah Omarzai,15,568,354,9.627118644067796
AM Ghazanfar,15,389,233,10.017167381974248
AC Thomas,14,391,297,7.898989898989899
J Overton,14,332,204,9.764705882352942
Brijesh Sharma,14,450,273,9.89010989010989
R Rampaul,14,270,238,6.80672268907563
KR Sen,14,387,241,9.634854771784232
PP Hinge,14,305,156,11.73076923076923
JR Hopes,14,548,360,9.133333333333333
Mohammad Nabi,14,493,393,7.526717557251908
AS Roy,14,460,311,8.87459807073955
SJ Srivastava,14,416,264,9.454545454545455
DR Sams,14,523,360,8.716666666666667
CR Brathwaite,13,379,254,8.952755905511811
V Nigam,13,456,282,9.702127659574469
C Bosch,13,250,163,9.202453987730062
Harsh Dubey,13,326,192,10.1875
TK Curran,13,430,238,10.840336134453782
ST Jayasuriya,13,390,294,7.959183673469388
LS Livingstone,13,469,312,9.01923076923077
Nithish Kumar Reddy,13,577,325,10.652307692307692
PVD Chameera,13,621,384,9.703125
CK Langeveldt,13,187,156,7.1923076923076925
Akash Singh,13,406,247,9.862348178137651
Umar Gul,12,184,135,8.177777777777777
GD McGrath,12,357,324,6.611111111111111
S Lamichhane,12,263,186,8.483870967741936
AN Ahmed,12,498,344,8.686046511627907
VRV Singh,12,542,360,9.033333333333333
Ankit Sharma,12,433,355,7.31830985915493
Karanveer Singh,12,321,204,9.441176470588236
BA Bhatt,12,397,296,8.047297297297296
R McLaren,12,542,354,9.186440677966102
K Kartikeya,12,407,282,8.659574468085106
Joginder Sharma,12,419,256,9.8203125
RR Powar,12,505,402,7.537313432835821
A Chandila,11,242,234,6.205128205128205
TS Mills,11,343,209,9.84688995215311
Simarjeet Singh,11,400,240,10.0
S Badree,11,319,258,7.4186046511627906
SM Pollock,11,301,276,6.543478260869565
J Little,11,339,228,8.921052631578947
RS Bopara,11,292,206,8.504854368932039
CJ Anderson,11,518,297,10.464646464646465
MA Wood,11,179,120,8.95
Abhishek Sharma,11,531,353,9.025495750708215
OC McCoy,11,250,161,9.316770186335404
DJG Sammy,11,350,236,8.898305084745763
Pankaj Singh,11,468,300,9.36
JL Pattinson,11,269,189,8.53968253968254
SC Ganguly,10,340,258,7.906976744186046
BCJ Cutting,10,429,281,9.160142348754448
B Laughlin,10,282,168,10.071428571428571
V Pratap Singh,10,296,204,8.705882352941176
N Rana,10,317,210,9.057142857142857
Akash Deep,10,548,278,11.827338129496402
Lalit Yadav,10,425,288,8.854166666666666
WG Jacks,10,314,191,9.863874345549739
AB McDonald,10,244,174,8.413793103448276
AG Murtaza,9,313,264,7.113636363636363
DJ Hooda,9,502,355,8.48450704225352
AJ Hosein,9,238,172,8.30232558139535
P Parameswaran,9,224,154,8.727272727272727
Shivang Kumar,9,375,234,9.615384615384615
AM Nayar,9,322,229,8.436681222707424
N Thushara,9,283,180,9.433333333333334
M Siddharth,9,283,186,9.129032258064516
MP Yadav,9,367,217,10.147465437788018
MN Samuels,9,284,214,7.962616822429907
BE Hendricks,9,235,150,9.4
SE Bond,9,224,186,7.225806451612903
Yash Raj Punja,9,279,180,9.3
SMSM Senanayake,9,209,192,6.53125
KP Appanna,9,286,216,7.944444444444445
KMA Paul,9,237,163,8.723926380368098
IS Sodhi,9,202,181,6.696132596685083
Shahid Afridi,9,225,180,7.5
JDP Oram,9,349,237,8.835443037974683
JEC Franklin,9,220,151,8.741721854304636
JA Duffy,9,263,144,10.958333333333334
KC Cariappa,8,348,216,9.666666666666666
J Syed Mohammad,8,270,180,9.0
R Parag,8,499,307,9.752442996742671
Mohammad Asif,8,296,192,9.25
AA Chavan,8,326,248,7.887096774193548
V Shankar,8,305,196,9.33673469387755
JDS Neesham,8,334,216,9.277777777777779
DJ Hussey,8,474,317,8.97160883280757
JD Ryder,8,303,236,7.703389830508475
T Thushara,8,161,135,7.155555555555556
S Sandeep Warrier,8,253,168,9.035714285714286
J Yadav,8,443,384,6.921875
Yudhvir Singh,8,253,138,11.0
SB Styris,8,276,216,7.666666666666667
Anand Rajan,8,201,149,8.093959731543624
GC Viljoen,7,222,138,9.652173913043478
M Ntini,7,242,210,6.914285714285715
A Mithun,7,472,288,9.833333333333334
AM Salvi,7,200,150,8.0
AF Milne,7,368,227,9.726872246696034
HF Gurney,7,238,162,8.814814814814815
B Stanlake,7,200,144,8.333333333333334
J Theron,7,276,192,8.625
Ramandeep Singh,7,94,56,10.071428571428571
KM Asif,7,231,133,10.421052631578947
P Amarnath,7,236,132,10.727272727272727
PC Valthaty,7,205,151,8.14569536423841
Swapnil Singh,7,241,162,8.925925925925926
KP Pietersen,7,215,174,7.413793103448276
SH Johnson,7,396,230,10.330434782608696
DG Nalkande,6,148,84,10.571428571428571
W O'Rourke,6,132,62,12.774193548387096
TL Suman,6,197,150,7.88
V Puthur,6,109,72,9.083333333333334
V Sehwag,6,235,136,10.367647058823529
I Udana,6,237,150,9.48
K Khejroliya,6,260,145,10.758620689655173
AK Markram,6,348,211,9.895734597156398
JE Taylor,6,157,117,8.051282051282051
VS Malik,6,261,205,7.639024390243902
OF Smith,6,178,90,11.866666666666667
Fazalhaq Farooqi,6,437,254,10.32283464566929
B Akhil,6,242,188,7.723404255319149
RR Raje,6,209,139,9.02158273381295
S Dube,6,277,154,10.792207792207792
DJ Willey,6,272,216,7.555555555555555
Ashok Sharma,6,228,126,10.857142857142858
BAW Mendis,6,266,216,7.388888888888889
MG Bracewell,6,95,66,8.636363636363637
S Kaushik,6,297,204,8.735294117647058
Kamran Khan,6,206,136,9.088235294117647
Y Venugopal Rao,6,337,216,9.36111111111111
S Tyagi,6,295,209,8.4688995215311
D Pretorius,6,238,150,9.52
C de Grandhomme,6,319,216,8.86111111111111
S Randiv,6,223,174,7.689655172413793
Zeeshan Ansari,6,303,185,9.827027027027027
Jaskaran Singh,6,171,102,10.058823529411764
FH Edwards,5,154,140,6.6
R Shukla,5,208,120,10.4
S Narwal,5,202,106,11.433962264150944
A Choudhary,5,144,101,8.554455445544555
TM Dilshan,5,356,265,8.060377358490566
RV Gomez,5,129,96,8.0625
SR Dubey,5,106,77,8.25974025974026
Shoaib Akhtar,5,54,42,7.714285714285714
Shoaib Ahmed,5,152,102,8.941176470588236
PD Collingwood,5,101,89,6.808988764044944
KL Nagarkoti,5,285,180,9.5
XC Bartlett,5,475,251,11.354581673306773
AP Dole,5,112,66,10.181818181818182
KMDN Kulasekara,5,120,102,7.0588235294117645
Shashank Singh,5,140,90,9.333333333333334
RJW Topley,5,222,120,11.1
M de Lange,5,169,108,9.38888888888889
Gurkeerat Singh,5,97,78,7.461538461538462
S Ladda,5,224,138,9.73913043478261
HR Shokeen,5,314,204,9.235294117647058
SB Wagh,5,137,102,8.058823529411764
V Kohli,4,368,251,8.796812749003983
A Badoni,4,63,41,9.21951219512195
Arjun Tendulkar,4,150,97,9.278350515463918
WA Mota,4,97,72,8.083333333333334
LE Plunkett,4,225,150,9.0
SB Bangar,4,219,150,8.76
M Tiwari,4,87,60,8.7
MJ Henry,4,311,162,11.518518518518519
B Muzarabani,4,75,42,10.714285714285714
Parvez Rasool,4,271,198,8.212121212121213
Gurjapneet Singh,4,233,151,9.258278145695364
D du Preez,4,56,42,8.0
Y Nagar,4,125,66,11.363636363636363
S Dhawan,4,66,48,8.25
DP Vijaykumar,4,199,152,7.855263157894737
DJ Muthuswami,4,101,84,7.214285714285714
SS Cottrell,4,152,96,9.5
T Stubbs,4,57,30,11.4
VR Iyer,3,143,81,10.592592592592593
TM Head,3,120,64,11.25
GHS Garton,3,135,90,9.0
DAJ Bracewell,3,32,24,8.0
SM Harwood,3,73,60,7.3
Gagandeep Singh,3,141,84,10.071428571428571
L Ablish,3,75,42,10.714285714285714
RS Hangargekar,3,60,36,10.0
R Sathish,3,232,139,10.014388489208633
R Ninan,3,65,36,10.833333333333334
RJ Peterson,3,70,48,8.75
JW Hastings,3,66,58,6.827586206896552
K Santokie,3,90,48,11.25
JJ van der Wath,3,129,72,10.75
JM Kemp,3,53,43,7.395348837209302
JA Richardson,3,157,90,10.466666666666667
P Sahu,3,146,105,8.342857142857143
DJ Thornely,3,40,42,5.714285714285714
O Thomas,3,73,54,8.11111111111111
Shivam Sharma,3,121,96,7.5625
T Shamsi,3,181,120,9.05
Sikandar Raza,3,141,84,10.071428571428571
AL Menaria,3,144,110,7.8545454545454545
Abhinandan Singh,3,122,58,12.620689655172415
AU Rashid,2,91,60,9.1
Abdul Samad,2,125,57,13.157894736842104
DNT Zoysa,2,99,66,9.0
Sachin Baby,2,8,10,4.8
Shoaib Malik,2,85,51,10.0
P Dubey,2,111,78,8.538461538461538
SS Mishra,2,67,38,10.578947368421053
PH Solanki,2,38,36,6.333333333333333
P Suyal,2,151,96,9.4375
PHKD Mendis,2,60,42,8.571428571428571
KA Maharaj,2,39,36,6.5
JPR Scantlebury-Searles,2,89,42,12.714285714285714
K Yadav,2,84,54,9.333333333333334
ND Doshi,2,79,56,8.464285714285714
FA Allen,2,136,90,9.066666666666666
LJ Wright,2,124,71,10.47887323943662
DA Payne,2,70,30,14.0
MA Khote,2,51,30,10.2
MJ Clarke,2,67,66,6.090909090909091
MJ Suthar,2,94,48,11.75
RN ten Doeschate,2,94,78,7.230769230769231
D Kalyankrishna,2,87,48,10.875
KT Maphaka,2,143,66,13.0
A Uniyal,2,66,36,11.0
A Flintoff,2,105,66,9.545454545454545
V Kaverappa,2,36,24,9.0
C Nanda,2,57,48,7.125
GD Phillips,2,40,30,8.0
SM Boland,2,54,42,7.714285714285714
SD Chitnis,2,60,36,10.0
SC Kuggeleijn,2,71,48,8.875
RJ Gleeson,2,110,68,9.705882352941176
RA Bawa,2,50,24,12.5
KJ Abbott,2,177,96,11.0625
Mohammad Hafeez,2,68,60,6.8
Mayank Dagar,2,203,137,8.89051094890511
IC Porel,1,39,24,9.75
SSB Magala,1,51,36,8.5
PVSN Raju,1,53,24,13.25
DJ Mitchell,1,97,48,12.125
PM Sarvesh Kumar,1,42,30,8.4
DJM Short,1,19,18,6.333333333333333
AM Rahane,1,5,6,5.0
Ankit Soni,1,128,85,9.035294117647059
T Henderson,1,40,36,6.666666666666667
Y Prithvi Raj,1,57,30,11.4
SS Sarkar,1,34,25,8.16
LB Williams,1,72,36,12.0
SB Joshi,1,82,55,8.945454545454545
D Jansen,1,53,24,13.25
LMP Simmons,1,34,18,11.333333333333334
CL White,1,86,42,12.285714285714286
D Brevis,1,8,3,16.0
CJ McKay,1,60,42,8.571428571428571
SE Rutherford,1,59,41,8.634146341463415
A Nel,1,31,18,10.333333333333334
TP Sudhindra,1,136,70,11.657142857142857
AA Noffke,1,40,24,10.0
AC Gilchrist,1,0,1,0.0
V Viyaskanth,1,86,60,8.6
GS Sandhu,1,82,48,10.25
GR Napier,1,27,24,6.75
D Ferreira,1,41,18,13.666666666666666
SA Abbott,1,104,54,11.555555555555555
S Vidyut,1,22,12,11.0
LA Carseldine,1,6,6,6.0
L Wood,1,93,36,15.5
LI Meriwala,1,32,18,10.666666666666666
MK Lomror,1,127,90,8.466666666666667
MD Shanaka,1,60,36,10.0
AJ Finch,1,67,43,9.348837209302326
DB Ravi Teja,1,28,18,9.333333333333334
SS Agarwal,1,42,24,10.5
RG More,1,59,35,10.114285714285714
Musheer Khan,1,27,12,13.5
Raghu Sharma,1,130,90,8.666666666666666
D Salunkhe,1,78,47,9.957446808510639
M Shahrukh Khan,1,28,18,9.333333333333334
NB Singh,1,15,24,3.75
B Geeves,1,91,48,11.375
BJ Dwarshuis,1,51,24,12.75
R Powell,1,35,18,11.666666666666666
BMAJ Mendis,1,36,30,7.2
RS Ghosh,1,24,18,8.0
AA Jhunjhunwala,1,129,85,9.105882352941176
D Madushanka,1,36,24,9.0
MK Tiwary,1,83,42,11.857142857142858
DJ Harris,0,26,18,8.666666666666666
Arshad Khan (2),0,24,12,12.0
Atharva Taide,0,4,1,24.0
Auqib Nabi,0,149,78,11.461538461538462
PWA Mulder,0,16,6,16.0
P Ray Barman,0,56,24,14.0
P Prasanth,0,18,6,18.0
KR Mayers,0,59,42,8.428571428571429
AUK Pathan,0,63,39,9.692307692307692
AS Raut,0,44,30,8.8
Vivrant Sharma,0,37,18,12.333333333333334
Abdur Razzak,0,29,12,14.5
Aman Hakim Khan,0,13,6,13.0
Sunny Gupta,0,47,18,15.666666666666666
Y Gnaneswara Rao,0,7,6,7.0
PR Veer,0,25,12,12.5
Sumit Kumar,0,38,20,11.4
SZ Mulani,0,57,30,11.4
SS Iyer,0,7,6,7.0
SR Tendulkar,0,58,36,9.666666666666666
T Vijay,0,29,12,14.5
TH David,0,18,6,18.0
Suryansh Shedge,0,40,18,13.333333333333334
NL McCullum,0,34,30,6.8
S Joseph,0,47,24,11.75
RW Price,0,33,18,11.0
RV Patel,0,22,18,7.333333333333333
RS Gavaskar,0,8,6,8.0
RR Bhatkal,0,35,12,17.5
RR Bose,0,24,12,12.0
Monu Kumar,0,20,12,10.0
Mohit Rathee,0,29,12,14.5
Mashrafe Mortaza,0,58,24,14.5
Mandeep Singh,0,26,12,13.0
MG Neser,0,62,24,15.5
DA Warner,0,2,1,12.0
M Vijay,0,49,36,8.166666666666666
MB Parmar,0,33,18,11.0
MW Short,0,64,43,8.930232558139535
F du Plessis,0,16,6,16.0
KAJ Roach,0,80,48,10.0
K Upadhyay,0,81,54,9.0
Jalaj S Saxena,0,27,18,9.0
K Goel,0,93,66,8.454545454545455
JE Root,0,14,12,7.0
N Wadhera,0,22,17,7.764705882352941
Ishan Kishan,0,4,1,24.0
Naman Dhir,0,76,52,8.76923076923077
BJ Rohrer,0,12,6,12.0
B Chipli,0,20,6,20.0
FY Fazal,0,20,12,10.0
R Goyal,0,33,24,8.25
R Ravindra,0,7,12,3.5
R Sanjay Yadav,0,23,12,11.5
RA Shaikh,0,11,6,11.0
RA Tripathi,0,12,6,12.0
NJ Rimmington,0,19,18,6.333333333333333
NA Saini,0,34,12,17.0
LRPL Taylor,0,24,12,12.0
CK Kapugedera,0,49,17,17.294117647058822
M Manhas,0,42,42,6.0
C Ganapathy,0,13,6,13.0
C Munro,0,15,12,7.5
LPC Silva,0,21,6,21.0
S Midhun,0,27,12,13.5
KS Williamson,0,31,18,10.333333333333334
S Rana,0,18,16,6.75
S Sriram,0,49,18,16.333333333333332
Krish Bhagat,0,63,36,10.5
SA Yadav,0,8,6,8.0
Karim Janat,0,30,6,30.0
CJ Dala,0,34,18,11.333333333333334
CJ Green,0,24,17,8.470588235294118
Gurnoor Brar,0,42,18,14.0
Gulbadin Naib,0,12,6,12.0
GH Vihari,0,42,36,7.0
GF Linde,0,37,25,8.88
SN Khan,0,6,2,18.0
SPD Smith,0,5,2,15.0
YBK Jaiswal,0,6,1,36.0
H Sharma,0,57,30,11.4
Tilak Varma,0,28,22,7.636363636363637
VS Yeligati,0,59,30,11.8
AC Voges,0,76,54,8.444444444444445
I Malhotra,0,23,6,23.0
Tejas Baroka,0,33,21,9.428571428571429
A Dananjaya,0,47,24,11.75
AA Kazi,0,21,12,10.5
